Name,Gender,Nationality,Age,Stroke,Speciality,US College / University,DI Conference,Birthday,Previous US College / University,Previous DI Conference,Continent 1,Continent 2,ISL Team,Former ISL Teams,Image,World Aquatics Site,,,,NCAA College,Conference,,USA,North America,
Aaron Shackell,Male,USA,20,"Fly, Free",Stroke,"University of California, Berkeley",ACC,9/8/2004,,,North America,,N/A,,,https://www.worldaquatics.com/athletes/1533345/aaron-shackell,,,,"University of California, Berkeley",ACC,,CAN,North America,
Abbey Harkin,Female,AUS,27,"IM, Breast",Mid-D,N/A,N/A,5/6/1998,,,Austrailia,,N/A,,,https://www.worldaquatics.com/athletes/1048458/abbey-harkin,,,,N/A,N/A,,JAM,North America,
Abbey Weitzeil,Female,USA,28,Free,Sprint,"University of California, Berkeley",ACC,12/3/1996,,,North America,,LAC,,,https://www.worldaquatics.com/athletes/1000261/abbey-weitzeil,,,,Stanford University,ACC,,CYM,North America,
Abbie Wood,Female,GBR,26,"IM, Breast",Mid-D,N/A,N/A,3/2/1999,,,Europe,,NYB,,,https://www.worldaquatics.com/athletes/1025115/abbie-wood,,,,University of Florida,SEC,,BRA,South America,
Abrahm Devine,Male,USA,28,"IM, Back",Mid-D,Stanford University,ACC,9/3/1996,,,North America,,LAC,DCT,,https://www.worldaquatics.com/athletes/1002819/abrahm-devine,,,,Indiana University,B1G,,TTO,South America,
Adam Chaney,Male,USA,23,"Back, Free",Sprint,Arizona State University,BIG 12,3/27/2002,,,North America,,N/A,,,https://www.worldaquatics.com/athletes/1136696/adam-chaney,,,,North Carolina State University,ACC,,JPN,Asia,
Adam Peaty,Male,GBR,30,Breast,Sprint,N/A,N/A,12/28/1994,,,Europe,,LON,,,https://www.worldaquatics.com/athletes/1000785/adam-peaty,,,,University of Virginia,ACC,,CHN,Asia,
Ahmed Hafnaoui,Male,TUN,22,Free,Distance,Indiana University,B1G,12/4/2002,,,Africa,,N/A,,,https://www.worldaquatics.com/athletes/1161559/ahmed-hafnaoui,,,,University of Michigan,B1G,,KOR,Asia,
Ahmed Jaouadi,,,19,Free,Distance,N/A,N/A,5/30/2005,,,,,N/A,,,https://www.worldaquatics.com/athletes/1544338/ahmed-jaouadi,,,,Texas A&M University,SEC,,SIN,Asia,
Aiden Hayes,Male,USA,22,Fly,Stroke,North Carolina State University,ACC,1/1/2003,,,North America,,N/A,,,,,,,Penn State University,B1G,,HKG,Asia,
Aimee Canny,Female,RSA,21,Free,Sprint,University of Virginia,ACC,11/21/2003,,,Africa,,N/A,,,https://www.worldaquatics.com/athletes/1190199/aimee-canny,,,,University of Georgia,SEC,,RUS,Asia,Europe
AJ Pouch,,,24,Breast,Stroke,Virginia Tech University,ACC,11/15/2000,,,,,N/A,,,https://www.worldaquatics.com/athletes/1136939/a-j-pouch,,,,University of Louisville,ACC,,TUR,Asia,Europe
Alberto Razzetti,Male,ITA,25,"IM, Fly",Mid-D,N/A,N/A,6/2/1999,,,Europe,,TOR,,,https://www.worldaquatics.com/athletes/1057211/alberto-razzetti,,,,Emory University,N/A,,EGY,Asia,Africa
Alessandro Miressi,Male,ITA,26,Free,Sprint,N/A,N/A,10/2/1998,,,Europe,,AQC,,,https://www.worldaquatics.com/athletes/1020865/alessandro-miressi,,,,University of Texas,SEC,,UKR,Europe,
Alex Graham,Male,AUS,30,Free,Sprint,N/A,N/A,4/28/1995,,,Austrailia,,N/A,LON,,https://www.worldaquatics.com/athletes/1005576/alexander-graham,,,,University of Arkansas,SEC,,GER,Europe,
Alex Shackell,Female,USA,18,"Fly, Free",Stroke,"University of California, Berkeley",ACC,11/23/2006,,,North America,,N/A,,,https://www.worldaquatics.com/athletes/1533460/alex-shackell,,,,Auburn University,SEC,,FRA,Europe,
Alex Walsh,Female,USA,23,IM,Stroke,University of Virginia,ACC,7/31/2001,,,North America,,N/A,,,https://www.worldaquatics.com/athletes/1057263/alex-walsh,,,,University of Alabama,SEC,,ITA,Europe,
Alexandria Perkins,Female,AUS,24,Fly,Stroke,N/A,N/A,7/27/2000,,,Austrailia,,N/A,,,https://www.worldaquatics.com/athletes/1188518/alexandria-perkins,,,,Duke University,ACC,,POL,Europe,
Alfonso Mestre,Male,VEN,23,Free,Distance,University of Florida,SEC,9/24/2001,,,South America,,N/A,,,https://www.worldaquatics.com/athletes/1189916/alfonso-enrique-mestre-vivas,,,,University of Wisconsin,B1G,,NED,Europe,
Ali DeLoof,Female,USA,30,"Back, Free",Sprint,University of Michigan,B1G,8/14/1994,,,North America,,DCT,"LAC, NYB",,https://www.worldaquatics.com/athletes/1051345/alexandra-de-loof,,,,University of Minnesota,B1G,,SUI,Europe,
Alia Atkinson,Female,JAM,36,Breast,Stroke,Texas A&M University,SEC,12/11/1988,,,North America,,LON,IRO,,https://www.worldaquatics.com/athletes/1000569/alia-atkinson,,,,University of Arizona,BIG 12,,AUT,Europe,
Alley McCugh,Female,USA,28,"IM, Free",Distance,Penn State University,B1G,5/14/1997,,,North America,,N/A,,,https://www.worldaquatics.com/athletes/1136845/ally-mchugh,,,,Louisiana State University,SEC,,GRE,Europe,
Allison Schmitt,Female,USA,34,Free,Mid-D,University of Georgia,SEC,6/7/1990,,,North America,,N/A,CAC,,https://www.worldaquatics.com/athletes/1001828/allison-schmitt,,,,Georgia Tech University,ACC,,SWE,Europe,
Amy Bilquist,Female,USA,27,"Back, Free",Sprint,"University of California, Berkeley",ACC,8/11/1997,,,North America,,N/A,"LAC, DCT",,https://www.worldaquatics.com/athletes/1000061/amy-bilquist,,,,Ohio State University,B1G,,DEN,Europe,
Anastasia Gorbenko,Female,ISR,21,"IM, Back",Stroke,N/A,N/A,8/7/2003,,,Asia,,LAC,,,https://www.worldaquatics.com/athletes/1135373/anastasia-gorbenko,,,,Harvard University,IV League,,ROM,Europe,
Anastasiya Kirpichnikova,,,24,Free,Distance,N/A,N/A,6/24/2000,,,,,N/A,,,https://www.worldaquatics.com/athletes/1020229/anastasiia-kirpichnikova,,,,University of Southern California,B1G,,HUN,Europe,
Andreas Vazaios,Male,GRE,31,"IM, Fly",Stroke,North Carolina State University,ACC,5/9/1994,,,Europe,,DCT,LON,,https://www.worldaquatics.com/athletes/1000075/andreas-vazaios,,,,University of Tennessee,SEC,,IRL,Europe,
Andrei Minakov,Male,RUS,23,"Fly, Free",Sprint,Stanford University,ACC,3/17/2002,,,Asia,Europe,N/A,,,https://www.worldaquatics.com/athletes/1057123/andrei-minakov,,,,"University of Maryland, Baltimore County",America East,,LTU,Europe,
Andrej Barna,Male,SRB,27,Free,Sprint,University of Louisville,ACC,3/6/1998,,,Europe,,IRO,,,https://www.worldaquatics.com/athletes/1019734/andrej-barna,,,,University of Missouri,SEC,,ISL,Europe,
Andrew Seliskar,Male,USA,28,"IM, Free",Mid-D,"University of California, Berkeley",ACC,9/26/1996,,,North America,,N/A,LAC,,https://www.worldaquatics.com/athletes/1035839/andrew-seliskar,,,,Arizona State University,BIG 12,,GBR,Europe,
Andrew Wilson,Male,USA,31,Breast,Stroke,Emory University,N/A,9/16/1993,,,North America,,N/A,CAC,,https://www.worldaquatics.com/athletes/1136799/andrew-wilson,,,,Northwestern University,B1G,,SRB,Europe,
Andrii Govorov,Male,UKR,33,"Fly, Free",Sprint,N/A,N/A,4/10/1992,,,Europe,,N/A,TOR,,https://www.worldaquatics.com/athletes/1007282/andrii-govorov,,,,Columbia University,IV League,,RSA,Africa,
Anna Elendt,Female,GER,23,Breast,Stroke,University of Texas,SEC,9/4/2001,,,Europe,,N/A,,,https://www.worldaquatics.com/athletes/1134854/anna-elendt,,,,University of South Carolina,SEC,,TUN,Africa,
Anna Hopkin,Female,GBR,29,Free,Sprint,University of Arkansas,SEC,4/24/1996,,,Europe,,DCT,LON,,https://www.worldaquatics.com/athletes/1089220/anna-hopkin,,,,UCLA,B1G,,AUS,Austrailia,
Anna Peplowski,Female,USA,22,"Back, Free",Stroke,Indiana University,B1G,9/25/2002,,,North America,,N/A,,,https://www.worldaquatics.com/athletes/1332468/anna-peplowski,,,,Grand Canyon University,N/A,,NZL,Austrailia,
Annie Lazor,Female,USA,30,Breast,Stroke,Auburn University,SEC,8/17/1994,Ohio State University,B1G,North America,,LON,LAC,,https://www.worldaquatics.com/athletes/1105137/annie-lazor,,,,University of Pennsylvania,IV League,,SPN,Europe,Africa
Anthony Ervin,Male,USA,43,Free,Sprint,"University of California, Berkeley",ACC,5/26/1981,,,North America,,N/A,,,https://www.worldaquatics.com/athletes/1002023/anthony-ervin,,,,Virginia Tech University,ACC,,BLR,Europe,
Anton Chupkov,Male,RUS,28,Breast,Stroke,N/A,N/A,2/22/1997,,,Asia,Europe,N/A,ENS,,https://www.worldaquatics.com/athletes/1007762/anton-chupkov,,,,"University of Nevada, Las Vegas",MWC,,ISR,Asia,
Anton McKee,Male,ISL,31,Breast,Stroke,University of Alabama,SEC,12/18/1993,,,Europe,,TOR,,,https://www.worldaquatics.com/athletes/1007174/anton-mckee,,,,,,,NOR,Europe,
Apostolos Christou,Male,GRE,28,Back,Stroke,N/A,N/A,11/1/1996,,,Europe,,LAC,AQC,,https://www.worldaquatics.com/athletes/1000678/apostolos-christou,,,,University of Denver,N/A,,JOR,Asia,
Arianna Castiglioni,Female,ITA,27,Breast,Stroke,N/A,N/A,8/15/1997,,,Europe,,AQC,,,https://www.worldaquatics.com/athletes/1000110/arianna-castiglioni,,,,,,,MEX,North America,
Ariarne Titmus,Female,AUS,24,Free,Mid-D,N/A,N/A,9/7/2000,,,Austrailia,,N/A,CAC,,https://www.worldaquatics.com/athletes/1020594/ariarne-titmus,,,,,,,PHI,Asia,
Arno Kamminga,Male,NED,29,Breast,Stroke,N/A,N/A,10/22/1995,,,Europe,,AQC,,,https://www.worldaquatics.com/athletes/1048597/arno-kamminga,,,,,,,TWN,Asia,
Ashley Wall,Female,USA,35,Free,Distance,Duke University,ACC,6/15/1989,,,North America,,N/A,,,https://www.worldaquatics.com/athletes/1025618/ashley-twichell,,,,,,,PUR,North America,
Austin Katz,Male,USA,26,Back,Stroke,University of Texas,SEC,3/19/1999,,,North America,,N/A,,,https://www.worldaquatics.com/athletes/1020837/austin-katz,,,,,,,BEL,Europe,
Bailey Andison,Female,CAN,27,"IM, Breast",Mid-D,Indiana University,B1G,11/13/1997,University of Denver,N/A,North America,,DCT,LAC,,https://www.worldaquatics.com/athletes/1107899/bailey-andison,,,,,,,VEN,South America,
Baylor Nelson,Male,USA,21,"IM, Breast",Mid-D,University of Texas,SEC,6/23/2003,,,North America,,N/A,,,https://www.worldaquatics.com/athletes/1332266/baylor-nelson,,,,,,,BIH,Europe,
Beata Nelson,Female,USA,27,"IM, Back",Stroke,University of Wisconsin,B1G,2/9/1998,,,North America,,CAC,,,https://www.worldaquatics.com/athletes/1020484/beata-nelson,,,,,,,,,
Bella Sims,Female,USA,19,"IM, Free",Mid-D,University of Florida,SEC,5/25/2005,,,North America,,N/A,,,https://www.worldaquatics.com/athletes/1416018/bella-sims,,,,,,,,,
Ben Proud,Male,GBR,30,"Fly, Free",Sprint,N/A,N/A,9/21/1994,,,Europe,,ENS,,,https://www.worldaquatics.com/athletes/1000849/benjamin-proud,,,,,,,,,
Benedetta Pilato,Female,ITA,20,Breast,Sprint,N/A,N/A,1/8/2005,,,Europe,,ENS,,,https://www.worldaquatics.com/athletes/1189393/benedetta-pilato,,,,,,,,,
Beryl Gastaldello,Female,FRA,30,"Fly, Free",Sprint,Texas A&M University,SEC,2/16/1995,,,Europe,,LAC,,,https://www.worldaquatics.com/athletes/1020163/beryl-gastaldello,,,,,,,,,
Bethany Galat,Female,USA,29,"IM, Breast",Stroke,Texas A&M University,SEC,8/10/1995,,,North America,,N/A,DCT,,https://www.worldaquatics.com/athletes/1056272/bethany-galat,,,,,,,,,
Bjorn Seeliger,Male,SWE,25,"Back, Free",Sprint,"University of California, Berkeley",ACC,1/11/2000,,,Europe,,N/A,,,https://www.worldaquatics.com/athletes/1051341/bjoern-seeliger,,,,,,,,,
Blake Pieroni,Male,USA,29,Free,Sprint,Indiana University,B1G,11/15/1995,,,North America,,N/A,"TOR, LAC",,https://www.worldaquatics.com/athletes/1043510/blake-pieroni,,,,,,,,,
Bobby Finke,Male,USA,25,"IM, Free",Distance,University of Florida,SEC,11/6/1999,,,North America,,N/A,,,https://www.worldaquatics.com/athletes/1056309/bobby-finke,,,,,,,,,
Bowen Becker,Male,USA,27,Free,Sprint,University of Minnesota,B1G,7/7/1997,,,North America,,N/A,"TOK, CAC",,https://www.worldaquatics.com/athletes/1136695/bowen-becker,,,,,,,,,
Brad Tandy,Male,RSA,34,Free,Sprint,University of Arizona,BIG 12,5/2/1991,,,Africa,,N/A,NYB,,https://www.worldaquatics.com/athletes/1043511/bradley-tandy,,,,,,,,,
Breeja Larson,Female,USA,33,Breast,Stroke,Texas A&M University,SEC,4/16/1992,,,North America,,N/A,NYB,,https://www.worldaquatics.com/athletes/1001198/breeja-larson,,,,,,,,,
Brendan Burns,Male,USA,27,"Fly, Back",Stroke,Indiana University,B1G,1/1/1998,,,North America,,N/A,,,https://www.worldaquatics.com/athletes/1190660/brendan-burns,,,,,,,,,
Brendon Smith,Male,AUS,24,"IM, Free",Mid-D,N/A,N/A,7/4/2000,,,Austrailia,,NYB,,,https://www.worldaquatics.com/athletes/1132741/brendon-smith,,,,,,,,,
Brent Hayden,Male,CAN,41,Free,Sprint,N/A,N/A,10/21/1983,,,North America,,N/A,TOR,,https://www.worldaquatics.com/athletes/1010628/brent-hayden,,,,,,,,,
Brianna Throssell,Female,AUS,29,"Fly, Free",Stroke,N/A,N/A,2/10/1996,,,Austrailia,,DCT,,,https://www.worldaquatics.com/athletes/1000328/brianna-throssell,,,,,,,,,
Brodie Williams,Male,GBR,26,"IM, Back",Mid-D,N/A,N/A,3/18/1999,,,Europe,,CAC,,,https://www.worldaquatics.com/athletes/1057158/brodie-paul-williams,,,,,,,,,
Bronte Campbell,Female,AUS,31,Free,Sprint,N/A,N/A,5/14/1994,,,Austrailia,,N/A,"LAC, LON",,https://www.worldaquatics.com/athletes/1000938/bronte-campbell,,,,,,,,,
Brooke Forde,Female,USA,26,"IM, Free",Mid-D,Stanford University,ACC,3/4/1999,,,North America,,N/A,,,https://www.worldaquatics.com/athletes/1020410/brooke-forde,,,,,,,,,
Brooks Curry,Male,USA,24,Free,Sprint,Louisiana State University,SEC,1/20/2001,,,North America,,N/A,,,https://www.worldaquatics.com/athletes/1279657/brooks-curry,,,,,,,,,
Bruno Fratus,Male,BRA,35,Free,Sprint,N/A,N/A,6/30/1989,,,South America,,N/A,TOK,,https://www.worldaquatics.com/athletes/1013363/bruno-fratus,,,,,,,,,
Bryce Mefford,Male,USA,26,Back,Stroke,"University of California, Berkeley",ACC,10/3/1998,,,North America,,N/A,,,https://www.worldaquatics.com/athletes/1001928/bryce-mefford,,,,,,,,,
Caeleb Dressel,Male,USA,28,"Fly, Free",Sprint,University of Florida,SEC,8/16/1996,,,North America,,CAC,,,https://www.worldaquatics.com/athletes/1036454/caeleb-dressel,,,,,,,,,
Caio Pumputis,Male,BRA,26,"IM, Breast",Stroke,Georgia Tech University,ACC,1/8/1999,,,South America,,N/A,,,https://www.worldaquatics.com/athletes/1020854/caio-pumputis,,,,,,,,,
Camden Murphy,Male,USA,26,Fly,Stroke,University of Georgia,SEC,4/6/1999,,,North America,,DCT,,,,,,,,,,,,
Cameron McEvoy,Male,AUS,31,Free,Sprint,N/A,N/A,5/13/1994,,,Austrailia,,N/A,"LON, NYB",,https://www.worldaquatics.com/athletes/1000604/cameron-mcevoy,,,,,,,,,
Camille Spink,,,20,Free,Sprint,University of Tennessee,SEC,9/27/2004,,,,,N/A,,,https://www.worldaquatics.com/athletes/1416222/camille-spink,,,,,,,,,
Carles Coll Marti,,,23,"IM, Breast",Stroke,Virginia Tech University,ACC,10/15/2001,,,,,N/A,,,https://www.worldaquatics.com/athletes/1140633/carles-coll-marti,,,,,,,,,
Carson Foster,Male,USA,23,"IM, Back",Mid-D,University of Texas,SEC,10/26/2001,,,North America,,N/A,,,https://www.worldaquatics.com/athletes/1057054/carson-foster,,,,,,,,,
Caspar Corbeau,Male,NED,24,Breast,Stroke,Indiana University,B1G,4/3/2001,,,Europe,,N/A,,,https://www.worldaquatics.com/athletes/1140538/caspar-corbeau,,,,,,,,,
Cate Campbell,Female,AUS,33,Free,Sprint,N/A,N/A,5/20/1992,,,Austrailia,,N/A,LON,,https://www.worldaquatics.com/athletes/1006057/cate-campbell,,,,,,,,,
Catie DeLoof,Female,USA,28,"Back, Free",Sprint,University of Michigan,B1G,2/12/1997,,,North America,,TOK,NYB,,https://www.worldaquatics.com/athletes/1190936/catie-de-loof,,,,,,,,,
Chad Le Clos,Male,RSA,33,Fly,Stroke,N/A,N/A,4/12/1992,,,Africa,,ENS,,,https://www.worldaquatics.com/athletes/1000903/chad-le-clos,,,,,,,,,
Charlie Clark,Male,USA,22,Free,Distance,Ohio State University,B1G,6/17/2002,,,North America,,N/A,,,https://www.worldaquatics.com/athletes/1332757/charlie-clark,,,,,,,,,
Charlie Swanson,Male,USA,27,"IM, Breast",Mid-D,University of Michigan,B1G,2/20/1998,,,North America,,ENS,,,https://www.worldaquatics.com/athletes/1003455/charlie-swanson,,,,,,,,,
Charlotte Bonnet,Female,FRA,30,"Breast, Free",Stroke,N/A,N/A,2/15/1995,,,Europe,,N/A,ENS,,https://www.worldaquatics.com/athletes/1000556/charlotte-bonnet,,,,,,,,,
Chase Kalisz,Male,USA,31,"IM, Fly",Mid-D,University of Georgia,SEC,3/7/1994,,,North America,,AQC,LAC,,https://www.worldaquatics.com/athletes/1002190/chase-kalisz,,,,,,,,,
Chelsea Hodges,Female,AUS,23,Breast,Stroke,N/A,N/A,6/27/2001,,,Austrailia,,TOR,,,https://www.worldaquatics.com/athletes/1057302/chelsea-hodges,,,,,,,,,
Chris Guiliano,Male,USA,21,Free,Sprint,University of Texas,SEC,6/25/2003,,,North America,,N/A,,,https://www.worldaquatics.com/athletes/1532544/chris-guiliano,,,,,,,,,
Christian Diener,Male,GER,31,Back,Stroke,N/A,N/A,6/3/1993,,,Europe,,LON,,,https://www.worldaquatics.com/athletes/1001228/christian-diener,,,,,,,,,
Claire Curzan,Female,USA,20,"Fly, Back",Stroke,University of Virginia,ACC,6/30/2004,Stanford University,ACC,North America,,N/A,,,https://www.worldaquatics.com/athletes/1190176/claire-curzan,,,,,,,,,
Claire Weinstein,Female,USA,18,"IM, Free",Mid-D,"University of California, Berkeley",ACC,3/1/2007,,,North America,,N/A,,,https://www.worldaquatics.com/athletes/1516284/claire-weinstein,,,,,,,,,
Clark Smith,Male,USA,30,Free,Distance,University of Texas,SEC,4/17/1995,,,North America,,N/A,,,https://www.worldaquatics.com/athletes/1043503/clark-smith,,,,,,,,,
Clyde Lewis,Male,AUS,27,Free,Mid-D,N/A,N/A,9/25/1997,,,Austrailia,,N/A,"NYB, CAC",,https://www.worldaquatics.com/athletes/1020818/clyde-lewis,,,,,,,,,
Cody Miller,Male,USA,33,Breast,Stroke,Indiana University,B1G,1/9/1992,,,North America,,DCT,,,https://www.worldaquatics.com/athletes/1001175/cody-miller,,,,,,,,,
Cody Simpson,Male,AUS,28,"Fly, Free",Sprint,N/A,N/A,1/11/1997,,,Austrailia,,N/A,,,https://www.worldaquatics.com/athletes/1539373/cody-simpson,,,,,,,,,
Coleman Stewart,Male,USA,27,"Fly, Back",Stroke,North Carolina State University,ACC,3/3/1998,,,North America,,CAC,,,https://www.worldaquatics.com/athletes/1136701/coleman-stewart,,,,,,,,,
Connor Jaeger,Male,USA,34,Free,Distance,University of Michigan,B1G,4/30/1991,,,North America,,N/A,,,https://www.worldaquatics.com/athletes/1002019/connor-jaeger,,,,,,,,,
Daiya Seto,Male,JPN,30,"IM, Fly",Mid-D,N/A,N/A,5/24/1994,,,Asia,,TOK,ENS,,https://www.worldaquatics.com/athletes/1000725/daiya-seto,,,,,,,,,
Dakota Luther,Female,USA,25,Fly,Stroke,University of Texas,SEC,11/7/1999,University of Georgia,SEC,North America,,N/A,,,https://www.worldaquatics.com/athletes/1036156/dakota-luther,,,,,,,,,
Dana Vollmer,Female,USA,37,"Fly, Free",Sprint,"University of California, Berkeley",ACC,11/13/1987,,,North America,,N/A,,,https://www.worldaquatics.com/athletes/1004157/dana-vollmer,,,,,,,,,
Danas Rapsys,Male,LTU,30,Free,Mid-D,N/A,N/A,5/21/1995,,,Europe,,N/A,ENS,,https://www.worldaquatics.com/athletes/1000679/danas-rapsys,,,,,,,,,
Daniel Diehl,,,19,Back,Stroke,North Carolina State University,ACC,10/26/2005,,,,,N/A,,,https://www.worldaquatics.com/athletes/1555046/daniel-diehl,,,,,,,,,
Daniel Jervis,Male,GBR,28,Free,Distance,N/A,N/A,6/9/1996,,,Europe,,N/A,,,https://www.worldaquatics.com/athletes/1056286/daniel-jervis,,,,,,,,,
Daniel Wiffen,Male,IRL,23,Free,Distance,N/A,N/A,7/14/2001,,,Europe,,N/A,,,https://www.worldaquatics.com/athletes/1198105/daniel-wiffen,,,,,,,,,
Dare Rose,Male,USA,22,Fly,Stroke,"University of California, Berkeley",ACC,11/1/2002,,,North America,,N/A,,,https://www.worldaquatics.com/athletes/1137539/dare-rose,,,,,,,,,
David Curtiss,Male,USA,22,Free,Sprint,North Carolina State University,ACC,7/4/2002,,,North America,,N/A,,,https://www.worldaquatics.com/athletes/1189989/david-curtiss,,,,,,,,,
David Johnston,Male,USA,24,"IM, Free",Distance,University of Texas,SEC,1/1/2001,,,North America,,N/A,,,https://www.worldaquatics.com/athletes/1332818/david-johnston,,,,,,,,,
David Popovici,Male,ROM,20,Free,Sprint,N/A,N/A,9/15/2004,,,Europe,,N/A,NYB,,https://www.worldaquatics.com/athletes/1248035/david-popovici,,,,,,,,,
David Verraszto,Male,HUN,36,"IM, Breast",Mid-D,N/A,N/A,8/22/1988,,,Europe,,IRO,,,https://www.worldaquatics.com/athletes/1000713/david-verraszto,,,,,,,,,
Dean Farris,Male,USA,27,"Back, Free",Sprint,Harvard University,IV League,11/14/1997,,,North America,,N/A,,,,,,,,,,,,
Derek Maas,Male,USA,25,Breast,Stroke,University of Alabama,SEC,1/1/2000,,,North America,,N/A,,,,,,,,,,,,
Destin Lasco,Male,USA,23,"IM, Back",Stroke,"University of California, Berkeley",ACC,8/7/2001,,,North America,,N/A,,,https://www.worldaquatics.com/athletes/1137658/destin-lasco,,,,,,,,,
Drew Kibler,Male,USA,25,Free,Mid-D,University of Texas,SEC,3/9/2000,,,North America,,N/A,,,https://www.worldaquatics.com/athletes/1056491/drew-kibler,,,,,,,,,
Duncan Scott,Male,GBR,28,"IM, Free",Mid-D,N/A,N/A,5/6/1997,,,Europe,,LON,,,https://www.worldaquatics.com/athletes/1020040/duncan-scott,,,,,,,,,
Dylan Carter,Male,TTO,29,"Fly, Back",Sprint,University of Southern California,B1G,1/30/1996,,,South America,,LON,LAC,,https://www.worldaquatics.com/athletes/1019885/dylan-carter,,,,,,,,,
Eddie Wang,Male,TWN,23,Fly,Mid-D,N/A,N/A,1/23/2002,,,Asia,,CAC,,,,,,,,,,,,
Elena Di Liddo,Female,ITA,31,"Fly, Free",Sprint,N/A,N/A,9/8/1993,,,Europe,,AQC,,,https://www.worldaquatics.com/athletes/1000575/elena-di-liddo,,,,,,,,,
Elijah Winnington,Male,AUS,25,Free,Mid-D,N/A,N/A,5/5/2000,,,Austrailia,,N/A,LON,,https://www.worldaquatics.com/athletes/1057100/elijah-winnington,,,,,,,,,
Elizabeth Beisel,Female,USA,32,"IM, Back",Mid-D,University of Florida,SEC,8/18/1992,,,North America,,N/A,,,https://www.worldaquatics.com/athletes/1000038/elizabeth-beisel,,,,,,,,,
Elizabeth Dekkers,Female,AUS,21,Fly,Stroke,N/A,N/A,5/6/2004,,,Austrailia,,N/A,,,https://www.worldaquatics.com/athletes/1188574/elizabeth-dekkers,,,,,,,,,
Ella Eastin,Female,USA,28,"IM, Fly",Mid-D,Stanford University,ACC,3/28/1997,,,North America,,N/A,,,https://www.worldaquatics.com/athletes/1002853/ella-eastin,,,,,,,,,
Ella Jansen,Female,CAN,19,"IM, Free",Mid-D,University of Tennessee,SEC,9/1/2005,,,North America,,N/A,,,https://www.worldaquatics.com/athletes/1252306/ella-jansen,,,,,,,,,
Ella Nelson,Female,USA,24,"IM, Breast",Mid-D,University of Virginia,ACC,1/1/2001,,,North America,,N/A,,,https://www.worldaquatics.com/athletes/1057183/ella-nelson,,,,,,,,,
Ella Ramsay,Female,AUS,20,"IM, Breast",Stroke,N/A,N/A,7/12/2004,,,Austrailia,,N/A,,,https://www.worldaquatics.com/athletes/1187590/ella-ramsay,,,,,,,,,
Ellen Walshe,Female,IRL,23,"IM, Fly",Mid-D,University of Tennessee,SEC,9/29/2001,,,Europe,,N/A,,,https://www.worldaquatics.com/athletes/1036140/ellen-walshe,,,,,,,,,
Emilie Beckmann,Female,DEN,28,"Fly, Free",Sprint,N/A,N/A,2/4/1997,,,Europe,,IRO,,,https://www.worldaquatics.com/athletes/1035845/emilie-beckmann,,,,,,,,,
Emily Escobedo,Female,USA,29,Breast,Stroke,"University of Maryland, Baltimore County",America East,12/17/1995,,,North America,,N/A,"CAC, NYB",,https://www.worldaquatics.com/athletes/1137108/emily-escobedo,,,,,,,,,
Emily Seebohm,Female,AUS,32,Back,Stroke,N/A,N/A,6/5/1992,,,Austrailia,,ENS,,,https://www.worldaquatics.com/athletes/1000096/emily-seebohm,,,,,,,,,
Emma McKeon,Female,AUS,30,"Fly, Free",Sprint,N/A,N/A,5/24/1994,,,Austrailia,,LON,,,https://www.worldaquatics.com/athletes/1003916/emma-mckeon,,,,,,,,,
Emma Sticklen,Female,USA,23,"Fly, Free",Stroke,University of Texas,SEC,1/1/2002,,,North America,,N/A,,,,,,,,,,,,
Emma Weber,Female,USA,21,Breast,Stroke,University of Virginia,ACC,1/13/2004,,,North America,,N/A,,,https://www.worldaquatics.com/athletes/1190890/emma-weber,,,,,,,,,
Emma Weyant,Female,USA,23,"IM, Free",Distance,University of Florida,SEC,12/24/2001,University of Virginia,ACC,North America,,N/A,,,https://www.worldaquatics.com/athletes/1137024/emma-weyant,,,,,,,,,
Emre Sakci,Male,TUR,27,Breast,Sprint,N/A,N/A,11/15/1997,,,Asia,Europe,IRO,,,https://www.worldaquatics.com/athletes/1000705/emre-sakci,,,,,,,,,
Eneli Jefimova,,,18,Breast,Stroke,North Carolina State University,ACC,12/27/2006,,,,,N/A,,,https://www.worldaquatics.com/athletes/1210845/eneli-jefimova,,,,,,,,,
Eric Friese,Male,GER,25,"Fly, Free",Sprint,University of Florida,SEC,8/1/1999,,,Europe,,N/A,,,https://www.worldaquatics.com/athletes/1056276/jan-eric-friese,,,,,,,,,
Erica Sullivan,Female,USA,24,Free,Distance,University of Texas,SEC,6/9/2000,,,North America,,N/A,,,https://www.worldaquatics.com/athletes/1057273/erica-sullivan,,,,,,,,,
Erika Connolly,Female,USA,26,"Fly, Free",Sprint,University of Tennessee,SEC,8/27/1998,,,North America,,CAC,,,https://www.worldaquatics.com/athletes/1006507/erika-connolly,,,,,,,,,
Erika Fairweather,Female,NZL,21,Free,Mid-D,N/A,N/A,12/31/2003,,,Austrailia,,N/A,,,https://www.worldaquatics.com/athletes/1168311/erika-fairweather,,,,,,,,,
Erin Gemmell,Female,USA,20,Free,Mid-D,University of Texas,SEC,12/2/2004,,,North America,,N/A,,,https://www.worldaquatics.com/athletes/1190243/erin-gemmell,,,,,,,,,
Evgeniia Chikunova,Female,RUS,20,Breast,Stroke,N/A,N/A,11/17/2004,,,Asia,Europe,ENS,,,,,,,,,,,,
Evgeny Rylov,Male,RUS,28,"Back, Free",Stroke,N/A,N/A,9/23/1996,,,Asia,Europe,ENS,,,https://www.worldaquatics.com/athletes/1003730/evgeny-rylov,,,,,,,,,
Fabian Schwingenschlogl,Male,GER,33,Breast,Stroke,University of Missouri,SEC,8/15/1991,,,Europe,,TOR,,,https://www.worldaquatics.com/athletes/1012228/fabian-schwingenschlogl,,,,,,,,,
Fabio Scozzoli,Male,ITA,36,Breast,Stroke,N/A,N/A,8/3/1988,,,Europe,,AQC,,,https://www.worldaquatics.com/athletes/1000058/fabio-scozzoli,,,,,,,,,
Farida Osman,Female,EGY,30,"Fly, Free",Sprint,"University of California, Berkeley",ACC,1/18/1995,,,Asia,Africa,DCT,LON,,https://www.worldaquatics.com/athletes/1020000/farida-osman,,,,,,,,,
Federica Pelligrini,Female,ITA,36,Free,Mid-D,N/A,N/A,8/5/1988,,,Europe,,AQC,,,https://www.worldaquatics.com/athletes/1000901/federica-pellegrini,,,,,,,,,
Felipe Lima,Male,BRA,40,Breast,Sprint,N/A,N/A,4/5/1985,,,South America,,ENS,LAC,,https://www.worldaquatics.com/athletes/1005939/felipe-lima,,,,,,,,,
Felipe Silva,Male,BRA,38,Breast,Sprint,N/A,N/A,5/14/1987,,,South America,,DCT,LAC,,https://www.worldaquatics.com/athletes/1000642/felipe-franca-silva,,,,,,,,,
Felix Auboeck,Male,AUT,28,Free,Distance,University of Michigan,B1G,12/19/1996,,,Europe,,NYB,,,https://www.worldaquatics.com/athletes/1000691/felix-auboeck,,,,,,,,,
Femke Heemskerk,Female,NED,37,Free,Sprint,N/A,N/A,9/21/1987,,,Europe,,N/A,ENS,,https://www.worldaquatics.com/athletes/1025897/femke-heemskerk,,,,,,,,,
Fernando Scheffer,Male,BRA,27,Free,Mid-D,N/A,N/A,4/6/1998,,,South America,,LAC,,,https://www.worldaquatics.com/athletes/1051335/fernando-scheffer,,,,,,,,,
Finlay Knox,Male,CAN,24,"IM, Back",Stroke,N/A,N/A,1/8/2001,,,North America,,TOR,,,https://www.worldaquatics.com/athletes/1159162/finlay-knox,,,,,,,,,
Florent Manaudou,Male,FRA,34,Free,Sprint,N/A,N/A,11/12/1990,,,Europe,,ENS,,,https://www.worldaquatics.com/athletes/1031569/florent-manaudou,,,,,,,,,
Florian Wellbrock,Male,GER,27,Free,Distance,N/A,N/A,8/19/1997,,,Europe,,N/A,,,https://www.worldaquatics.com/athletes/1021468/florian-wellbrock,,,,,,,,,
Freya Anderson,Female,GBR,24,Free,Mid-D,N/A,N/A,3/4/2001,,,Europe,,LON,AQC,,https://www.worldaquatics.com/athletes/1056307/freya-anderson,,,,,,,,,
Freya Colbert,,,21,"IM, Free",Mid-D,N/A,N/A,3/8/2004,,,,,N/A,,,https://www.worldaquatics.com/athletes/1187766/freya-constance-colbert,,,,,,,,,
Gabby DeLoof,Female,USA,29,"Back, Free",Sprint,University of Michigan,B1G,3/13/1996,,,North America,,TOK,NYB,,https://www.worldaquatics.com/athletes/1104080/gabby-de-loof,,,,,,,,,
Gabi Albiero,Female,USA,23,"Fly, Free",Sprint,University of Louisville,ACC,1/16/2002,,,North America,,N/A,,,https://www.worldaquatics.com/athletes/1190755/gabi-albiero,,,,,,,,,
Gabriel Fantoni,Male,BRA,23,"Fly, Back",Stroke,Indiana University,B1G,1/1/2002,,,South America,,N/A,,,https://www.worldaquatics.com/athletes/1095253/gabriel-fantoni,,,,,,,,,
Gabriel Jett,Male,USA,22,"Fly, Free",Stroke,"University of California, Berkeley",ACC,10/14/2002,,,North America,,N/A,,,,,,,,,,,,
Gabriele Detti,Male,ITA,30,Free,Distance,N/A,N/A,8/29/1994,,,Europe,,N/A,,,https://www.worldaquatics.com/athletes/1000442/gabriele-detti,,,,,,,,,
Giles Smith,Male,USA,33,"Fly, Free",Sprint,University of Arizona,BIG 12,11/28/1991,,,North America,,N/A,DCT,,https://www.worldaquatics.com/athletes/1002598/giles-smith,,,,,,,,,
Grant House,Male,USA,26,Free,Sprint,Arizona State University,BIG 12,6/19/1998,,,North America,,N/A,,,https://www.worldaquatics.com/athletes/1020451/grant-house,,,,,,,,,
Grant Shoults,Male,USA,27,Free,Distance,Stanford University,ACC,6/6/1997,,,North America,,N/A,,,,,,,,,,,,
Gregorio Paltrinieri,Male,ITA,30,Free,Distance,N/A,N/A,9/5/1994,,,Europe,,N/A,,,https://www.worldaquatics.com/athletes/1000746/gregorio-paltrinieri,,,,,,,,,
Gretchen Walsh,Female,USA,22,"Fly, Free",Sprint,University of Virginia,ACC,1/29/2003,,,North America,,N/A,,,https://www.worldaquatics.com/athletes/1137575/gretchen-walsh,,,,,,,,,
Grigory Tarasevich,Male,RUS,29,Back,Stroke,University of Louisville,ACC,8/1/1995,,,Asia,Europe,TOK,NYB,,https://www.worldaquatics.com/athletes/1020091/grigory-tarasevich,,,,,,,,,
Guilherme Costa,Male,BRA,26,Free,Distance,N/A,N/A,10/1/1998,,,South America,,N/A,,,https://www.worldaquatics.com/athletes/1020875/guilherme-costa,,,,,,,,,
Guilherme Guido,Male,BRA,38,Back,Sprint,N/A,N/A,2/12/1987,,,South America,,LON,,,https://www.worldaquatics.com/athletes/1012574/guilherme-guido,,,,,,,,,
Guilherme Santos,Male,BRA,21,"Fly, Free",Sprint,University of Tennessee,SEC,1/1/2004,,,South America,,N/A,,,https://www.worldaquatics.com/athletes/1282241/guilherme-santos,,,,,,,,,
Gunnar Bentz,Male,USA,29,"IM, Fly",Mid-D,University of Georgia,SEC,1/3/1996,,,North America,,N/A,"CAC, IRO",,https://www.worldaquatics.com/athletes/1002074/gunnar-bentz,,,,,,,,,
Haiyang Qin,Male,CHN,26,Breast,Stroke,N/A,N/A,5/17/1999,,,Asia,,N/A,,,https://www.worldaquatics.com/athletes/1056542/haiyang-qin,,,,,,,,,
Haley Anderson,Female,USA,33,Free,Distance,University of Southern California,B1G,11/20/1991,,,North America,,N/A,CAC,,https://www.worldaquatics.com/athletes/1002377/haley-anderson,,,,,,,,,
Hali Flickinger,Female,USA,30,"IM, Fly",Mid-D,University of Georgia,SEC,7/7/1994,,,North America,,CAC,,,https://www.worldaquatics.com/athletes/1002686/hali-flickinger,,,,,,,,,
Henrik Christiansen,Male,NOR,28,Free,Distance,N/A,N/A,10/9/1996,,,Europe,,N/A,IRO,,https://www.worldaquatics.com/athletes/1000122/henrik-christiansen,,,,,,,,,
Hubert Kos,Male,HUN,22,"IM, Back",Stroke,University of Texas,SEC,3/28/2003,Arizona State University,BIG 12,Europe,,N/A,,,https://www.worldaquatics.com/athletes/1166150/hubert-kos,,,,,,,,,
Hugo Gonzalez,Male,SPN,26,"IM, Back",Mid-D,"University of California, Berkeley",ACC,2/19/1999,Auburn University,SEC,Europe,Africa,N/A,,,https://www.worldaquatics.com/athletes/1020536/hugo-gonzalez,,,,,,,,,
Hunter Armstrong,Male,USA,24,"Back, Free",Sprint,Ohio State University,B1G,1/24/2001,,,North America,,N/A,,,https://www.worldaquatics.com/athletes/1231918/hunter-armstrong,,,,,,,,,
Ian Finnerty,Male,USA,28,Breast,Stroke,Indiana University,B1G,8/2/1996,,,North America,,N/A,DCT,,,,,,,,,,,
Ilia Borodin,Male,RUS,22,IM,Mid-D,N/A,N/A,2/14/2003,,,Asia,Europe,AQC,,,,,,,,,,,,
Ilya Kharun,Male,CAN,20,Fly,Stroke,Arizona State University,BIG 12,2/7/2005,,,North America,,N/A,,,https://www.worldaquatics.com/athletes/1633425/ilya-kharun,,,,,,,,,
Ilya Shymanovich,Male,BLR,30,Breast,Stroke,N/A,N/A,8/2/1994,,,Europe,,ENS,,,https://www.worldaquatics.com/athletes/1020123/ilya-shymanovich,,,,,,,,,
Ingrid Wilm,Female,CAN,26,Back,Stroke,N/A,N/A,6/8/1998,,,North America,,LAC,,,https://www.worldaquatics.com/athletes/1107733/ingrid-wilm,,,,,,,,,
Iona Anderson,Female,AUS,19,Back,Stroke,N/A,N/A,10/3/2005,,,Austrailia,,N/A,,,https://www.worldaquatics.com/athletes/1248893/iona-anderson,,,,,,,,,
Isaac Cooper,Male,AUS,21,"Back, Free",Sprint,N/A,N/A,1/7/2004,,,Austrailia,,N/A,,,https://www.worldaquatics.com/athletes/1372307/isaac-cooper,,,,,,,,,
Isabel Gose,Female,GER,23,Free,Distance,N/A,N/A,5/9/2002,,,Europe,,N/A,,,https://www.worldaquatics.com/athletes/1051353/isabel-gose,,,,,,,,,
Isabel Ivey,Female,USA,24,"IM, Free",Stroke,University of Florida,SEC,11/22/2000,"University of California, Berkeley",ACC,North America,,N/A,,,https://www.worldaquatics.com/athletes/1055941/isabel-ivey,,,,,,,,,
Isabelle Stadden,Female,USA,22,Back,Stroke,"University of California, Berkeley",ACC,7/9/2002,,,North America,,N/A,,,https://www.worldaquatics.com/athletes/1136687/isabelle-stadden,,,,,,,,,
Jack Aikins,Male,USA,22,Back,Stroke,University of Virginia,ACC,10/11/2002,,,North America,,N/A,,,https://www.worldaquatics.com/athletes/1279760/jack-aikins,,,,,,,,,
Jack Alexy,Male,USA,22,Free,Sprint,"University of California, Berkeley",ACC,1/19/2003,,,North America,,N/A,,,https://www.worldaquatics.com/athletes/1190943/jack-alexy,,,,,,,,,
Jack Cartwright,Male,AUS,26,Free,Stroke,N/A,N/A,9/22/1998,,,Austrailia,,N/A,,,https://www.worldaquatics.com/athletes/1020469/jack-cartwright,,,,,,,,,
Jack Conger,Male,USA,30,Fly,Stroke,University of Texas,SEC,9/26/1994,,,North America,,N/A,LAC,,https://www.worldaquatics.com/athletes/1036396/jack-conger,,,,,,,,,
Jack Dahlgren,Male,USA,25,"Back, Free",Stroke,University of Missouri,SEC,1/1/2000,,,North America,,N/A,,,https://www.worldaquatics.com/athletes/1137727/jack-dahlgren,,,,,,,,,
Jack McLoughlin,Male,AUS,30,Free,Distance,N/A,N/A,2/1/1995,,,Austrailia,,N/A,NYB,,https://www.worldaquatics.com/athletes/1043488/jack-alan-mcloughlin,,,,,,,,,
Jacob Pebley,Male,USA,31,Back,Stroke,"University of California, Berkeley",ACC,9/17/1993,,,North America,,DCT,NYB,,https://www.worldaquatics.com/athletes/1001581/jacob-pebley,,,,,,,,,
Jake Foster,Male,USA,24,"IM, Breast",Mid-D,University of Texas,SEC,9/6/2000,,,North America,,N/A,,,https://www.worldaquatics.com/athletes/1137724/jake-foster,,,,,,,,,
Jake Magahey,Male,USA,23,Free,Distance,University of Georgia,SEC,9/14/2001,,,North America,,N/A,,,https://www.worldaquatics.com/athletes/1137222/jake-magahey,,,,,,,,,
Jake Mitchell,Male,USA,23,Free,Distance,University of Florida,SEC,12/22/2001,University of Michigan,B1G,North America,,N/A,,,https://www.worldaquatics.com/athletes/1190003/jake-mitchell,,,,,,,,,
James Guy,Male,GBR,29,"Fly, Free",Mid-D,N/A,N/A,11/26/1995,,,Europe,,ENS,LON,,https://www.worldaquatics.com/athletes/1000428/james-guy,,,,,,,,,
James Wilby,Male,GBR,31,Breast,Stroke,N/A,N/A,11/12/1993,,,Europe,,NYB,,,https://www.worldaquatics.com/athletes/1056308/james-wilby,,,,,,,,,
Jarod Arroyo,Male,PUR,24,"IM, Back",Mid-D,Arizona State University,BIG 12,1/2/2001,,,North America,,N/A,,,https://www.worldaquatics.com/athletes/1051378/jarod-arroyo,,,,,,,,,
Jasmine Nocentini,Female,ITA,23,"Breast, Free",Sprint,University of Virginia,ACC,1/1/2002,Northwestern University,B1G,Europe,,N/A,,,,,,,,,,,,
Javier Acevedo,Male,CAN,27,"IM, Back",Stroke,University of Georgia,SEC,1/28/1998,,,North America,,LAC,,,https://www.worldaquatics.com/athletes/1028292/javier-acevedo,,,,,,,,,
Jay Litherland,Male,USA,29,"IM, Free",Mid-D,University of Georgia,SEC,8/24/1995,,,North America,,DCT,,,https://www.worldaquatics.com/athletes/1005063/jay-litherland,,,,,,,,,
Jeremy Desplanches,Male,SUI,30,IM,Stroke,N/A,N/A,8/7/1994,,,Europe,,N/A,"ENS, IRO",,https://www.worldaquatics.com/athletes/1000177/jeremy-desplanches,,,,,,,,,
Jesse Puts,Male,NED,30,"Fly, Free",Sprint,N/A,N/A,8/1/1994,,,Europe,,CAC,,,https://www.worldaquatics.com/athletes/1036015/jesse-puts,,,,,,,,,
Jillian Cox,Female,USA,19,Free,Distance,University of Texas,SEC,7/18/2005,,,North America,,N/A,,,https://www.worldaquatics.com/athletes/1297174/jillian-cox,,,,,,,,,
Joe Litchfield,Male,GBR,26,IM,Stroke,N/A,N/A,7/8/1998,,,Europe,,NYB,,,https://www.worldaquatics.com/athletes/1088686/joe-richard-litchfield,,,,,,,,,
John Shebat,Male,USA,28,"IM, Back",Stroke,University of Texas,SEC,2/17/1997,,,North America,,N/A,CAC,,,,,,,,,,,
Jonny Kulow,Male,USA,21,Free,Sprint,Arizona State University,BIG 12,1/1/2004,,,North America,,N/A,,,,,,,,,,,,
Jonny Marshall,Male,USA,20,Back,Stroke,University of Florida,SEC,1/1/2005,,,North America,,N/A,,,,,,,,,,,,
Jordan Crooks,Male,CYM,23,"Fly, Free",Sprint,University of Tennessee,SEC,5/2/2002,,,North America,,N/A,,,https://www.worldaquatics.com/athletes/1159226/jordan-crooks,,,,,,,,,
Jordan Wilimovsky,Male,USA,31,Free,Distance,Northwestern University,B1G,4/22/1994,,,North America,,N/A,,,https://www.worldaquatics.com/athletes/1021500/jordan-wilimovsky,,,,,,,,,
Joseph Schooling,Male,SIN,29,Fly,Stroke,University of Texas,SEC,6/16/1995,,,Asia,,N/A,,,https://www.worldaquatics.com/athletes/1010827/joseph-schooling,,,,,,,,,
Josh Liendo,Male,CAN,22,"Fly, Free",Sprint,University of Florida,SEC,8/20/2002,,,North America,,N/A,,,https://www.worldaquatics.com/athletes/1159165/josh-liendo,,,,,,,,,
Josh Matheny,Male,USA,22,Breast,Stroke,Indiana University,B1G,10/16/2002,,,North America,,N/A,,,https://www.worldaquatics.com/athletes/1190737/josh-matheny,,,,,,,,,
Josh Prenot,Male,USA,31,"IM, Breast",Stroke,"University of California, Berkeley",ACC,7/28/1993,,,North America,,LAC,,,https://www.worldaquatics.com/athletes/1002073/josh-prenot,,,,,,,,,
Justin Ress,Male,USA,27,"Back, Free",Sprint,North Carolina State University,ACC,8/3/1997,,,North America,,CAC,,,https://www.worldaquatics.com/athletes/1056481/justin-ress,,,,,,,,,
Kacper Stokowski,Male,POL,26,Back,Stroke,North Carolina State University,ACC,1/6/1999,University of Florida,SEC,Europe,,N/A,,,https://www.worldaquatics.com/athletes/1036334/kacper-stokowski,,,,,,,,,
Kaii Winkler,Male,USA,19,"Fly, Free",Sprint,North Carolina State University,ACC,3/27/2006,,,North America,,N/A,,,https://www.worldaquatics.com/athletes/1267534/kaii-winkler,,,,,,,,,
Kaitlyn Dobler,Female,USA,23,Breast,Stroke,University of Southern California,B1G,2/15/2002,,,North America,,N/A,,,https://www.worldaquatics.com/athletes/1190752/kaitlyn-dobler,,,,,,,,,
Katarzyna Wasick,Female,POL,33,Free,Sprint,University of Southern California,B1G,3/22/1992,,,Europe,,TOR,NYB,,https://www.worldaquatics.com/athletes/1020107/katarzyna-wasick,,,,,,,,,
Kate Douglass,Female,USA,23,"IM, Breast",Stroke,University of Virginia,ACC,11/17/2001,,,North America,,N/A,,,https://www.worldaquatics.com/athletes/1057344/kate-douglass,,,,,,,,,
Katerine Savard,Female,CAN,31,Fly,Stroke,N/A,N/A,5/26/1993,,,North America,,CAC,,,https://www.worldaquatics.com/athletes/1000941/katerine-savard,,,,,,,,,
Katharine Berkoff,Female,USA,24,"Back, Free",Sprint,North Carolina State University,ACC,1/28/2001,,,North America,,N/A,,,https://www.worldaquatics.com/athletes/1137368/katharine-berkoff,,,,,,,,,
Kathleen Baker,Female,USA,28,Back,Stroke,"University of California, Berkeley",ACC,2/28/1997,,,North America,,LAC,,,https://www.worldaquatics.com/athletes/1000173/kathleen-baker,,,,,,,,,
Kathleen Dawson,Female,GBR,27,Back,Stroke,N/A,N/A,10/3/1997,,,Europe,,AQC,LON,,https://www.worldaquatics.com/athletes/1051347/kathleen-dawson,,,,,,,,,
Katie Drabot,Female,USA,27,Fly,Stroke,Stanford University,ACC,9/2/1997,,,North America,,N/A,,,https://www.worldaquatics.com/athletes/1003852/katie-drabot,,,,,,,,,
Katie Grimes,Female,USA,19,"IM, Free",Distance,University of Virginia,ACC,1/8/2006,,,North America,,N/A,,,https://www.worldaquatics.com/athletes/1415844/katie-grimes,,,,,,,,,
Katie Ledecky,Female,USA,28,Free,Distance,Stanford University,ACC,3/17/1997,,,North America,,N/A,DCT,,https://www.worldaquatics.com/athletes/1002483/katie-ledecky,,,,,,,,,
Katie McLaughlin,Female,USA,27,"Fly, Free",Stroke,"University of California, Berkeley",ACC,7/9/1997,,,North America,,LAC,,,https://www.worldaquatics.com/athletes/1002841/katie-mc-laughlin,,,,,,,,,
Katie Meili,Female,USA,34,Breast,Stroke,Columbia University,IV League,4/16/1991,,,North America,,N/A,,,https://www.worldaquatics.com/athletes/1002815/katie-meili,,,,,,,,,
Katinka Hosszu,Female,HUN,36,"IM, Back",Mid-D,University of Southern California,B1G,5/3/1989,,,Europe,,IRO,,,https://www.worldaquatics.com/athletes/1000855/katinka-hosszu,,,,,,,,,
Kayla Han,Female,USA,16,"IM, Free",Distance,N/A,N/A,5/31/2008,,,North America,,N/A,,,https://www.worldaquatics.com/athletes/1551154/kayla-han,,,,,,,,,
Kayla Sanchez,Female,PHI,24,Free,Stroke,N/A,N/A,4/7/2001,,,Asia,,TOR,ENS,,https://www.worldaquatics.com/athletes/1056536/kayla-sanchez,,,,,,,,,
Kaylee Mckeown,Female,AUS,23,"IM, Back",Stroke,N/A,N/A,7/12/2001,,,Austrailia,,N/A,,,https://www.worldaquatics.com/athletes/1051356/kaylee-mckeown,,,,,,,,,
Kaylene Corbett,Female,RSA,25,Breast,Stroke,N/A,N/A,6/15/1999,,,Africa,,N/A,,,https://www.worldaquatics.com/athletes/1025085/kaylene-corbett,,,,,,,,,
Kelly Pash,Female,USA,24,"Fly, Free",Stroke,University of Texas,SEC,3/27/2001,,,North America,,N/A,,,https://www.worldaquatics.com/athletes/1057069/kelly-pash,,,,,,,,,
Kelsey Wog,Female,CAN,26,"IM, Breast",Stroke,N/A,N/A,9/18/1998,,,North America,,TOR,CAC,,https://www.worldaquatics.com/athletes/1040435/kelsey-lauren-wog,,,,,,,,,
Kelsi Dahlia,Female,USA,30,"Fly, Free",Sprint,University of Louisville,ACC,7/15/1994,,,North America,,N/A,CAC,,https://www.worldaquatics.com/athletes/1035668/kelsi-dahlia,,,,,,,,,
Kennedy Noble,Female,USA,21,Back,Stroke,North Carolina State University,ACC,3/16/2004,,,North America,,N/A,,,https://www.worldaquatics.com/athletes/1190399/kennedy-noble,,,,,,,,,
Kensey McMahon,Female,USA,25,Free,Distance,University of Alabama,SEC,10/29/1999,,,North America,,N/A,,,https://www.worldaquatics.com/athletes/1042963/kensey-mcmahon,,,,,,,,,
Kevin Cordes,Male,USA,31,Breast,Stroke,University of Arizona,BIG 12,8/13/1993,,,North America,,CAC,DCT,,https://www.worldaquatics.com/athletes/1002006/kevin-cordes,,,,,,,,,
Kiah Melverton,Female,AUS,28,Free,Distance,N/A,N/A,11/5/1996,,,Austrailia,,N/A,,,https://www.worldaquatics.com/athletes/1048540/kiah-melverton,,,,,,,,,
Kieran Smith,Male,USA,25,"IM, Free",Mid-D,University of Florida,SEC,5/20/2000,,,North America,,N/A,,,https://www.worldaquatics.com/athletes/1057052/kieran-smith,,,,,,,,,
Kira Toussaint,Female,NED,31,Back,Stroke,University of Tennessee,SEC,5/22/1994,,,Europe,,LON,IRO,,https://www.worldaquatics.com/athletes/1008104/kira-toussaint,,,,,,,,,
Kirill Prigoda,Male,RUS,29,Breast,Stroke,N/A,N/A,12/29/1995,,,Asia,Europe,LON,,,https://www.worldaquatics.com/athletes/1000100/kirill-prigoda,,,,,,,,,
Kliment Kolesnikov,Male,RUS,24,"Back, Free",Sprint,N/A,N/A,7/9/2000,,,Asia,Europe,ENS,,,https://www.worldaquatics.com/athletes/1045759/kliment-kolesnikov,,,,,,,,,
Kosuke Hagino,Male,JPN,30,"IM, Free",Mid-D,N/A,N/A,8/15/1994,,,Asia,,N/A,TOK,,https://www.worldaquatics.com/athletes/1000731/kosuke-hagino,,,,,,,,,
Kristen Romano,Female,PUR,25,"IM, Back",Mid-D,Ohio State University,B1G,9/24/1999,,,North America,,N/A,,,https://www.worldaquatics.com/athletes/1136729/kristen-elena-romano,,,,,,,,,
Kristian Gkolomeev,Male,GRE,31,Free,Sprint,University of Alabama,SEC,6/4/1993,,,Europe,,LAC,AQC,,https://www.worldaquatics.com/athletes/1019694/kristian-gkolomeev,,,,,,,,,
Kristof Milak,Male,HUN,25,Fly,Stroke,N/A,N/A,2/20/2000,,,Europe,,IRO,,,https://www.worldaquatics.com/athletes/1035878/kristof-milak,,,,,,,,,
Kyle Chalmers,Male,AUS,26,Free,Sprint,N/A,N/A,6/25/1998,,,Austrailia,,LON,,,https://www.worldaquatics.com/athletes/1019701/kyle-chalmers,,,,,,,,,
Kylie Masse,Female,CAN,29,Back,Stroke,N/A,N/A,1/18/1996,,,North America,,TOR,CAC,,https://www.worldaquatics.com/athletes/1043468/kylie-masse,,,,,,,,,
Lana Pudar,Female,BIH,19,Fly,Stroke,N/A,N/A,1/19/2006,,,Europe,,N/A,,,https://www.worldaquatics.com/athletes/1198499/lana-pudar,,,,,,,,,
Lani Pallister,Female,AUS,22,Free,Distance,N/A,N/A,6/6/2002,,,Austrailia,,LAC,,,https://www.worldaquatics.com/athletes/1057125/lani-pallister,,,,,,,,,
Lara Van Niekerk,Female,RSA,22,Breast,Stroke,N/A,N/A,5/13/2003,,,Africa,,N/A,,,https://www.worldaquatics.com/athletes/1136196/lara-van-niekerk,,,,,,,,,
Laszlo Cseh,Male,HUN,39,"IM, Fly",Stroke,N/A,N/A,12/3/1985,,,Europe,,N/A,AQC,,https://www.worldaquatics.com/athletes/1007320/laszlo-cseh,,,,,,,,,
Leah Hayes,Female,USA,19,"IM, Free",Stroke,University of Virginia,ACC,10/21/2005,,,North America,,N/A,,,https://www.worldaquatics.com/athletes/1332149/leah-hayes,,,,,,,,,
Leah Neale,Female,AUS,29,Free,Mid-D,N/A,N/A,8/1/1995,,,Austrailia,,DCT,,,https://www.worldaquatics.com/athletes/1000917/leah-neale,,,,,,,,,
Leah Shackley,Female,USA,19,"Fly, Back",Stroke,North Carolina State University,ACC,1/1/2006,,,North America,,N/A,,,https://www.worldaquatics.com/athletes/1551228/leah-shackley,,,,,,,,,
Leah Smith,Female,USA,30,"IM, Free",Distance,University of Virginia,ACC,4/19/1995,,,North America,,TOK,LAC,,https://www.worldaquatics.com/athletes/1002713/leah-smith,,,,,,,,,
Leon Marchand,Male,FRA,23,"IM, Breast",Stroke,Arizona State University,BIG 12,5/17/2002,,,Europe,,N/A,,,https://www.worldaquatics.com/athletes/1188005/leon-marchand,,,,,,,,,
Leonie Martens,,,21,Free,Distance,N/A,N/A,3/8/2004,,,,,N/A,,,https://www.worldaquatics.com/athletes/1224722/leonie-martens,,,,,,,,,
Lewis Burras,Male,GBR,25,"Fly, Free",Sprint,University of South Carolina,SEC,2/12/2000,,,Europe,,N/A,,,https://www.worldaquatics.com/athletes/1025306/lewis-edward-burras,,,,,,,,,
Lewis Clareburt,Male,NZL,25,IM,Mid-D,N/A,N/A,7/4/1999,,,Austrailia,,N/A,NYB,,https://www.worldaquatics.com/athletes/1136434/lewis-clareburt,,,,,,,,,
Li Bingjie,Female,CHN,23,Free,Distance,N/A,N/A,3/3/2002,,,Asia,,N/A,,,https://www.worldaquatics.com/athletes/1020316/bingjie-li,,,,,,,,,
Lia Neal,Female,USA,30,Free,Sprint,Stanford University,ACC,2/13/1995,,,North America,,N/A,"CAC, NYB",,https://www.worldaquatics.com/athletes/1002666/lia-neal,,,,,,,,,
Lilly King,Female,USA,28,Breast,Stroke,Indiana University,B1G,2/10/1997,,,North America,,CAC,,,https://www.worldaquatics.com/athletes/1003868/lilly-king,,,,,,,,,
Lindsay Looney,Female,,23,Fly,Stroke,Arizona State University,BIG 12,8/2/2001,,,,,N/A,,,https://www.worldaquatics.com/athletes/1060944/lindsay-looney,,,,,,,,,
Linnea Mack,Female,USA,28,"Back, Free",Sprint,UCLA,B1G,1/1/1997,,,North America,,DCT,,,https://www.worldaquatics.com/athletes/1105775/linnea-mack,,,,,,,,,
Lisa Bratton,Female,USA,29,Back,Stroke,Texas A&M University,SEC,5/5/1996,,,North America,,TOR,DCT,,https://www.worldaquatics.com/athletes/1105093/lisa-bratton,,,,,,,,,
Lorenzo Mora,Male,ITA,26,Back,Stroke,N/A,N/A,9/30/1998,,,Europe,,IRO,,,https://www.worldaquatics.com/athletes/1097776/lorenzo-mora,,,,,,,,,
Louise Hansson,Female,SWE,28,"Fly, Back",Stroke,University of Southern California,B1G,11/24/1996,,,Europe,,TOR,,,https://www.worldaquatics.com/athletes/1000668/louise-hansson,,,,,,,,,
Luca Urlando,Male,USA,23,"IM, Fly",Stroke,University of Georgia,SEC,3/16/2002,,,North America,,N/A,,,https://www.worldaquatics.com/athletes/1137509/luca-urlando,,,,,,,,,
Lucas Henveaux,,,24,Free,Distance,"University of California, Berkeley",ACC,9/25/2000,,,,,N/A,,,https://www.worldaquatics.com/athletes/1455208/lucas-pierre-a-henveaux,,,,,,,,,
Luka Mijatovic,Male,USA,16,Free,Distance,N/A,N/A,4/22/2009,,,North America,,N/A,,,https://www.worldaquatics.com/athletes/1669371/luka-mijatovic,,,,,,,,,
Lukas Martens,Male,GER,23,Free,Distance,N/A,N/A,12/27/2001,,,Europe,,N/A,,,https://www.worldaquatics.com/athletes/1188009/lukas-maertens,,,,,,,,,
Luke Greenbank,Male,GBR,27,Back,Stroke,N/A,N/A,9/17/1997,,,Europe,,LON,,,https://www.worldaquatics.com/athletes/1020436/luke-greenbank,,,,,,,,,
Luke Hobson,Male,USA,23,Free,Mid-D,University of Texas,SEC,1/1/2002,,,North America,,N/A,,,https://www.worldaquatics.com/athletes/1331970/luke-hobson,,,,,,,,,
Luke Whitlock,,,19,Free,Distance,Indiana University,B1G,3/8/2006,,,,,N/A,,,https://www.worldaquatics.com/athletes/1533163/luke-whitlock,,,,,,,,,
Lydia Jacoby,Female,USA,21,Breast,Stroke,University of Texas,SEC,2/29/2004,,,North America,,N/A,,,https://www.worldaquatics.com/athletes/1190208/lydia-jacoby,,,,,,,,,
Maaike de Waard,Female,NED,28,"Fly, Back",Sprint,N/A,N/A,10/11/1996,,,Europe,,CAC,,,https://www.worldaquatics.com/athletes/1007372/maaike-de-waard,,,,,,,,,
Mabel Zavaros,Female,CAN,24,"IM, Back",Mid-D,University of Florida,SEC,1/1/2001,,,North America,,N/A,,,https://www.worldaquatics.com/athletes/1056971/mabel-zavaros,,,,,,,,,
Mack Horton,Male,AUS,29,Free,Distance,N/A,N/A,4/25/1996,,,Austrailia,,N/A,,,https://www.worldaquatics.com/athletes/1007971/mack-horton,,,,,,,,,
Madison Kennedy,Female,USA,37,Free,Sprint,"University of California, Berkeley",ACC,12/22/1987,,,North America,,DCT,,,https://www.worldaquatics.com/athletes/1000283/madison-kennedy,,,,,,,,,
Madison Wilson,Female,AUS,30,Free,Stroke,N/A,N/A,5/31/1994,,,Austrailia,,LAC,NYB,,https://www.worldaquatics.com/athletes/1005902/madison-wilson,,,,,,,,,
Madisyn Cox,Female,USA,29,"IM, Breast",Mid-D,University of Texas,SEC,5/30/1995,,,North America,,N/A,,,https://www.worldaquatics.com/athletes/1000884/madisyn-cox,,,,,,,,,
Maggie MacNeil,Female,CAN,25,"Fly, Back",Sprint,Louisiana State University,SEC,2/26/2000,University of Michigan,B1G,North America,,N/A,,,https://www.worldaquatics.com/athletes/1020804/margaret-mac-neil,,,,,,,,,
Mallory Comerford,Female,USA,27,Free,Stroke,University of Louisville,ACC,9/6/1997,,,North America,,TOK,CAC,,https://www.worldaquatics.com/athletes/1051371/mallory-comerford,,,,,,,,,
Marcin Cieslak,Male,POL,33,IM,Stroke,University of Florida,SEC,4/7/1992,,,Europe,,CAC,,,https://www.worldaquatics.com/athletes/1000244/marcin-cieslak,,,,,,,,,
Marco Koch,Male,GER,35,Breast,Stroke,N/A,N/A,1/25/1990,,,Europe,,NYB,,,https://www.worldaquatics.com/athletes/1000416/marco-koch,,,,,,,,,
Margherita Panziera,Female,ITA,29,Back,Stroke,N/A,N/A,8/12/1995,,,Europe,,N/A,,,https://www.worldaquatics.com/athletes/1019653/margherita-panziera,,,,,,,,,
Margo Geer,Female,USA,33,Free,Sprint,University of Arizona,BIG 12,3/17/1992,,,North America,,N/A,"LAC, DCT",,https://www.worldaquatics.com/athletes/1001414/margo-geer,,,,,,,,,
Mariah Denigan,Female,USA,21,Free,Distance,Indiana University,B1G,5/30/2003,,,North America,,N/A,,,https://www.worldaquatics.com/athletes/1136705/mariah-denigan,,,,,,,,,
Marie Wattel,Female,FRA,27,"Fly, Free",Sprint,N/A,N/A,6/2/1997,,,Europe,,LON,,,https://www.worldaquatics.com/athletes/1000815/marie-wattel,,,,,,,,,
Mark Nikolaev,Male,RUS,27,"Back, Free",Sprint,Grand Canyon University,N/A,7/30/1997,,,Asia,Europe,DCT,,,https://www.worldaquatics.com/athletes/1057545/mark-nikolaev,,,,,,,,,
Mark Szaranek,Male,GBR,29,IM,Mid-D,University of Florida,SEC,8/16/1995,,,Europe,,CAC,,,https://www.worldaquatics.com/athletes/1048942/mark-szaranek,,,,,,,,,
Marrit Steenbergen,Female,NED,25,"IM, Free",Stroke,N/A,N/A,1/11/2000,,,Europe,,NYB,,,https://www.worldaquatics.com/athletes/1019816/marrit-steenbergen,,,,,,,,,
Martina Carraro,Female,ITA,31,Breast,Stroke,N/A,N/A,6/21/1993,,,Europe,,AQC,,,https://www.worldaquatics.com/athletes/1019844/martina-carraro,,,,,,,,,
Marwan Elkamash,Male,EGY,31,Free,Distance,Indiana University,B1G,11/14/1993,,,Asia,Africa,N/A,,,https://www.worldaquatics.com/athletes/1016914/marwan-elkamash,,,,,,,,,
Mary-Ambre Moluh,,,19,"Back, Free",Sprint,"University of California, Berkeley",ACC,9/9/2005,,,,,N/A,,,https://www.worldaquatics.com/athletes/1213749/mary-ambre-moluh,,,,,,,,,
Mary-Sophie Harvey,Female,CAN,25,"IM, Back",Stroke,N/A,N/A,8/11/1999,,,North America,,ENS,,,https://www.worldaquatics.com/athletes/1020466/mary-sophie-harvey,,,,,,,,,
Matt Fallon,Male,USA,23,Breast,Stroke,University of Pennsylvania,IV League,1/1/2002,,,North America,,N/A,,,https://www.worldaquatics.com/athletes/1190809/matt-fallon,,,,,,,,,
Matt Grevers,Male,USA,40,"Back, Free",Sprint,Northwestern University,B1G,3/26/1985,,,North America,,N/A,"ENS, LAC",,https://www.worldaquatics.com/athletes/1000090/matt-grevers,,,,,,,,,
Matt King,Male,USA,22,Free,Sprint,Indiana University,B1G,7/9/2002,University of Alabama,SEC,North America,,N/A,,,https://www.worldaquatics.com/athletes/1191011/matt-king,,,,,,,,,
Matt Richards,Male,GBR,22,Free,Sprint,N/A,N/A,12/17/2002,,,Europe,,IRO,NYB,,https://www.worldaquatics.com/athletes/1195211/matthew-richards,,,,,,,,,
Matteo Rivolta,Male,ITA,33,"Fly, Free",Sprint,N/A,N/A,11/16/1991,,,Europe,,AQC,,,https://www.worldaquatics.com/athletes/1000141/matteo-rivolta,,,,,,,,,
Matthew Sates,Male,RSA,21,"IM, Free",Mid-D,University of Georgia,SEC,6/28/2003,,,Africa,,N/A,,,https://www.worldaquatics.com/athletes/1159237/matthew-sates,,,,,,,,,
Matthew Temple,Male,AUS,25,"Fly, Free",Sprint,N/A,N/A,6/20/1999,,,Austrailia,,NYB,LON,,https://www.worldaquatics.com/athletes/1132797/matthew-temple,,,,,,,,,
Matthew Wilson,Male,AUS,26,Breast,Stroke,N/A,N/A,12/8/1998,,,Austrailia,,LAC,LON,,https://www.worldaquatics.com/athletes/1020475/matthew-wilson,,,,,,,,,
Max Litchfield,Male,GBR,28,"IM, Free",Mid-D,N/A,N/A,3/4/1997,,,Europe,,TOR,ENS,,https://www.worldaquatics.com/athletes/1043439/max-litchfield,,,,,,,,,
Max McHugh,Male,USA,27,Breast,Stroke,University of Minnesota,B1G,1/1/1998,,,North America,,N/A,,,,,,,,,,,,
Maxime Grousset,Male,FRA,25,"Fly, Free",Sprint,N/A,N/A,6/2/1999,,,Europe,,N/A,,,https://www.worldaquatics.com/athletes/1057193/maxime-grousset,,,,,,,,,
Maxime Rooney,Male,USA,27,"Fly, Free",Sprint,University of Texas,SEC,4/16/1998,University of Florida,SEC,North America,,N/A,LAC,,https://www.worldaquatics.com/athletes/1002110/maxime-rooney,,,,,,,,,
Maximillian Giuliani,Male,AUS,21,Free,Sprint,N/A,N/A,7/3/2003,,,Austrailia,,N/A,,,https://www.worldaquatics.com/athletes/1249779/maximillian-giuliani,,,,,,,,,
Maximus Williamson,Male,USA,18,"IM, Free",Stroke,University of Virginia,ACC,9/4/2006,,,North America,,N/A,,,https://www.worldaquatics.com/athletes/1641084/maximus-williamson,,,,,,,,,
Maxine Parker,Female,USA,22,Free,Sprint,University of Virginia,ACC,6/14/2002,,,North America,,N/A,,,https://www.worldaquatics.com/athletes/1190671/maxine-parker,,,,,,,,,
Maya DiRado,Female,USA,32,"IM, Back",Mid-D,Stanford University,ACC,4/5/1993,,,North America,,N/A,,,https://www.worldaquatics.com/athletes/1019930/maya-di-rado,,,,,,,,,
Medi Harris,Female,GBR,22,Back,Stroke,N/A,N/A,9/15/2002,,,Europe,,N/A,,,https://www.worldaquatics.com/athletes/1134902/medi-eira-harris,,,,,,,,,
Meg Harris,Female,AUS,23,Free,Sprint,N/A,N/A,3/7/2002,,,Austrailia,,N/A,,,https://www.worldaquatics.com/athletes/1132803/meg-harris,,,,,,,,,
Melanie Henique,Female,FRA,32,"Fly, Free",Sprint,N/A,N/A,12/22/1992,,,Europe,,IRO,,,https://www.worldaquatics.com/athletes/1000703/melanie-henique,,,,,,,,,
Melanie Margalis,Female,USA,33,"IM, Breast",Mid-D,University of Georgia,SEC,12/30/1991,,,North America,,N/A,CAC,,https://www.worldaquatics.com/athletes/1000565/melanie-margalis,,,,,,,,,
Michael Andrew,Male,USA,26,"Breast, Free",Sprint,N/A,N/A,4/18/1999,,,North America,,N/A,NYB,,https://www.worldaquatics.com/athletes/1002301/michael-andrew,,,,,,,,,
Michael Brinegar,Male,USA,25,Free,Distance,Indiana University,B1G,9/15/1999,,,North America,,N/A,,,https://www.worldaquatics.com/athletes/1043019/michael-brinegar,,,,,,,,,
Michael Chadwick,Male,USA,30,Free,Sprint,University of Missouri,SEC,4/15/1995,,,North America,,N/A,"TOR, LAC",,https://www.worldaquatics.com/athletes/1051317/michael-chadwick,,,,,,,,,
Michelle Coleman,Female,SWE,31,"Back, Free",Sprint,N/A,N/A,10/31/1993,,,Europe,,TOR,,,https://www.worldaquatics.com/athletes/1000905/michelle-coleman,,,,,,,,,
Minna Atherton,Female,AUS,25,Back,Stroke,N/A,N/A,5/17/2000,,,Austrailia,,LON,,,https://www.worldaquatics.com/athletes/1020915/minna-atherton,,,,,,,,,
Mireia Belmonte,Female,SPN,34,"IM, Fly",Mid-D,N/A,N/A,11/10/1990,,,Europe,Africa,N/A,"LON, IRO",,https://www.worldaquatics.com/athletes/1001117/mireia-belmonte-garcia,,,,,,,,,
Missy Franklin,Female,USA,30,"Back, Free",Stroke,"University of California, Berkeley",ACC,5/10/1995,,,North America,,N/A,,,https://www.worldaquatics.com/athletes/1009660/missy-franklin,,,,,,,,,
Mitch Larkin,Male,AUS,31,"IM, Back",Stroke,N/A,N/A,7/9/1993,,,Austrailia,,N/A,CAC,,https://www.worldaquatics.com/athletes/1000085/mitchell-larkin,,,,,,,,,
Mollie O'Callaghan,Female,AUS,21,"Back, Free",Stroke,N/A,N/A,4/2/2004,,,Austrailia,,N/A,,,https://www.worldaquatics.com/athletes/1188018/mollie-o-callaghan,,,,,,,,,
Molly Hannis,Female,USA,33,Breast,Stroke,University of Tennessee,SEC,3/13/1992,,,North America,,CAC,,,https://www.worldaquatics.com/athletes/1002586/molly-hannis,,,,,,,,,
Mona McSharry,Female,IRL,24,Breast,Stroke,University of Tennessee,SEC,8/21/2000,,,Europe,,N/A,,,https://www.worldaquatics.com/athletes/1055945/mona-mc-sharry,,,,,,,,,
Mykhailo Romanchuk,Male,UKR,28,Free,Distance,N/A,N/A,8/7/1996,,,Europe,,N/A,"ENS, AQC",,https://www.worldaquatics.com/athletes/1019681/mykhailo-romanchuk,,,,,,,,,
Natalie Coughlin,Female,USA,42,"Fly, Back",Stroke,"University of California, Berkeley",ACC,8/23/1982,,,North America,,N/A,DCT,,https://www.worldaquatics.com/athletes/1000583/natalie-coughlin,,,,,,,,,
Natalie Hinds,Female,USA,31,"Fly, Free",Sprint,University of Florida,SEC,12/7/1993,,,North America,,CAC,,,https://www.worldaquatics.com/athletes/1104738/natalie-hinds,,,,,,,,,
Nathan Adrian,Male,USA,36,Free,Sprint,"University of California, Berkeley",ACC,12/7/1988,,,North America,,N/A,LAC,,https://www.worldaquatics.com/athletes/1001655/nathan-adrian,,,,,,,,,
Nathan Wiffen,Male,IRL,23,Free,Distance,"University of California, Berkeley",ACC,7/14/2001,,,Europe,,N/A,,,https://www.worldaquatics.com/athletes/1197985/nathan-j-wiffen,,,,,,,,,
Nic Fink,Male,USA,31,Breast,Stroke,University of Georgia,SEC,7/3/1993,,,North America,,CAC,,,https://www.worldaquatics.com/athletes/1001632/nic-fink,,,,,,,,,
Nicholas Santos,Male,BRA,45,Fly,Sprint,N/A,N/A,2/14/1980,,,South America,,IRO,,,https://www.worldaquatics.com/athletes/1013877/nicholas-santos,,,,,,,,,
Nicolas Albiero,Male,BRA,25,"Fly, Back",Stroke,University of Louisville,ACC,6/8/1999,,,South America,,N/A,,,https://www.worldaquatics.com/athletes/1057408/nicolas-albiero,,,,,,,,,
Nicolo Martinenghi,Male,ITA,25,Breast,Stroke,N/A,N/A,8/1/1999,,,Europe,,AQC,,,https://www.worldaquatics.com/athletes/1020424/nicolo-martinenghi,,,,,,,,,
Noe Ponti,Male,SUI,23,Fly,Stroke,N/A,N/A,6/1/2001,,,Europe,,N/A,,,https://www.worldaquatics.com/athletes/1138017/noe-ponti,,,,,,,,,
Nyls Korstanje,Male,NED,26,"Fly, Free",Sprint,North Carolina State University,ACC,2/5/1999,,,Europe,,N/A,,,https://www.worldaquatics.com/athletes/1035963/nyls-korstanje,,,,,,,,,
Ole Braunschweig,Male,GER,27,Back,Stroke,N/A,N/A,11/15/1997,,,Europe,,NYB,,,https://www.worldaquatics.com/athletes/1045472/ole-braunschweig,,,,,,,,,
Olivia Bray,Female,USA,23,Fly,Stroke,University of Texas,SEC,1/1/2002,,,North America,,N/A,,,,,,,,,,,,
Olivia Smoliga,Female,USA,30,"Back, Free",Sprint,University of Georgia,SEC,10/12/1994,,,North America,,CAC,,,https://www.worldaquatics.com/athletes/1017205/olivia-smoliga,,,,,,,,,
Olivia Wunsch,,,18,Free,Sprint,N/A,N/A,5/31/2006,,,,,N/A,,,https://www.worldaquatics.com/athletes/1372237/olivia-wunsch,,,,,,,,,
Paige Madden,Female,USA,26,Free,Mid-D,University of Virginia,ACC,10/22/1998,,,North America,,TOK,,,https://www.worldaquatics.com/athletes/1137216/paige-madden,,,,,,,,,
Patrick Callan,Male,USA,25,Free,Mid-D,"University of California, Berkeley",ACC,10/6/1999,University of Michigan,B1G,North America,,N/A,,,https://www.worldaquatics.com/athletes/1057446/patrick-callan,,,,,,,,,
Peng Xuwei,,,22,Back,Stroke,N/A,N/A,1/15/2003,,,,,N/A,,,https://www.worldaquatics.com/athletes/1046705/xuwei-peng,,,,,,,,,
Penny Oleksiak,Female,CAN,24,"Fly, Free",Stroke,N/A,N/A,6/13/2000,,,North America,,N/A,,,https://www.worldaquatics.com/athletes/1035859/penny-oleksiak,,,,,,,,,
Pernille Blume,Female,DEN,31,Free,Sprint,N/A,N/A,5/4/1994,,,Europe,,NYB,,,https://www.worldaquatics.com/athletes/1000477/pernille-blume,,,,,,,,,
Phoebe Bacon,Female,USA,22,Back,Stroke,University of Wisconsin,B1G,8/12/2002,,,North America,,N/A,,,https://www.worldaquatics.com/athletes/1136702/phoebe-bacon,,,,,,,,,
Pieter Coetze,,,21,Back,Stroke,N/A,N/A,5/13/2004,,,,,N/A,,,https://www.worldaquatics.com/athletes/1286863/pieter-coetze,,,,,,,,,
Radoslaw Kawecki,Male,POL,33,Back,Stroke,N/A,N/A,8/16/1991,,,Europe,,N/A,CAC,,https://www.worldaquatics.com/athletes/1000180/radoslaw-kawecki,,,,,,,,,
Ranomi Kromowidjojo,Female,NED,34,"Fly, Free",Sprint,N/A,N/A,8/20/1990,,,Europe,,N/A,IRO,,https://www.worldaquatics.com/athletes/1000685/ranomi-kromowidjojo,,,,,,,,,
Reece Whitley,Male,USA,25,Breast,Stroke,"University of California, Berkeley",ACC,1/3/2000,,,North America,,N/A,,,https://www.worldaquatics.com/athletes/1003516/reece-whitley,,,,,,,,,
Regan Smith,Female,USA,23,"Fly, Back",Stroke,Stanford University,ACC,2/9/2002,,,North America,,N/A,,,https://www.worldaquatics.com/athletes/1048421/regan-smith,,,,,,,,,
Rex Maurer,,,20,Free,Distance,University of Texas,SEC,8/17/2004,,,,,N/A,,,https://www.worldaquatics.com/athletes/1339152/rex-michael-maurer,,,,,,,,,
Rhyan White,Female,USA,25,"Fly, Back",Stroke,University of Alabama,SEC,1/25/2000,,,North America,,N/A,,,https://www.worldaquatics.com/athletes/1137154/rhyan-white,,,,,,,,,
Robert Glinta,Male,ROM,28,Back,Stroke,University of Southern California,B1G,4/18/1997,,,Europe,,IRO,,,https://www.worldaquatics.com/athletes/1000415/robert-glinta,,,,,,,,,
Ross Dant,Male,USA,25,Free,Distance,North Carolina State University,ACC,1/1/2000,,,North America,,N/A,,,https://www.worldaquatics.com/athletes/1136821/ross-dant,,,,,,,,,
Ruta Meilutyte,Female,LTU,28,Breast,Sprint,N/A,N/A,3/19/1997,,,Europe,,N/A,,,https://www.worldaquatics.com/athletes/1000661/ruta-meilutyte,,,,,,,,,
Ryan Held,Male,USA,29,"Fly, Free",Sprint,North Carolina State University,ACC,6/27/1995,,,North America,,LAC,,,https://www.worldaquatics.com/athletes/1043426/ryan-held,,,,,,,,,
Ryan Hoffer,Male,USA,26,"Fly, Free",Sprint,"University of California, Berkeley",ACC,7/9/1998,,,North America,,DCT,,,https://www.worldaquatics.com/athletes/1002600/ryan-hoffer,,,,,,,,,
Ryan Lochte,Male,USA,40,"IM, Back",Mid-D,University of Florida,SEC,8/3/1984,,,North America,,N/A,,,https://www.worldaquatics.com/athletes/1002615/ryan-lochte,,,,,,,,,
Ryan Murphy,Male,USA,29,Back,Stroke,"University of California, Berkeley",ACC,7/2/1995,,,North America,,LAC,,,https://www.worldaquatics.com/athletes/1002167/ryan-murphy,,,,,,,,,
Rylee Erisman,,,19,Free,Sprint,N/A,N/A,1/1/2006,,,,,N/A,,,,,,,,,,,,
Ryosuke Irie,Male,JPN,35,Back,Stroke,N/A,N/A,1/24/1990,,,Asia,,N/A,TOK,,https://www.worldaquatics.com/athletes/1000672/ryosuke-irie,,,,,,,,,
Sam Short,Male,AUS,21,Free,Distance,N/A,N/A,9/17/2003,,,Austrailia,,N/A,,,https://www.worldaquatics.com/athletes/1188192/samuel-short,,,,,,,,,
Santo Condorelli,Male,ITA,30,"Fly, Free",Sprint,University of Southern California,B1G,1/17/1995,,,Europe,,N/A,AQC,,https://www.worldaquatics.com/athletes/1020131/santo-condorelli,,,,,,,,,
Sara Curtis,,,18,Free,Sprint,University of Virginia,ACC,8/19/2006,,,,,N/A,,,https://www.worldaquatics.com/athletes/1330409/sara-curtis,,,,,,,,,
Sarah Sjostrom,Female,SWE,31,"Fly, Free",Sprint,N/A,N/A,8/17/1993,,,Europe,,ENS,,,https://www.worldaquatics.com/athletes/1000553/sarah-sjoestroem,,,,,,,,,
Sarah Wellbrock,Female,GER,30,Free,Distance,N/A,N/A,6/20/1994,,,Europe,,N/A,AQC,,https://www.worldaquatics.com/athletes/1000586/sarah-wellbrock,,,,,,,,,
Se-Bom Lee,Male,AUS,23,Free,Mid-D,N/A,N/A,6/12/2001,,,Austrailia,,N/A,,,https://www.worldaquatics.com/athletes/1132792/se-bom-lee,,,,,,,,,
Sean Grieshop,Male,USA,26,"IM, Free",Distance,"University of California, Berkeley",ACC,11/23/1998,,,North America,,N/A,,,https://www.worldaquatics.com/athletes/1001952/sean-grieshop,,,,,,,,,
Serhiy Frolov,Male,UKR,33,Free,Distance,N/A,N/A,4/14/1992,,,Europe,,N/A,,,https://www.worldaquatics.com/athletes/1000491/sergii-frolov,,,,,,,,,
Shaine Casas,Male,USA,25,"IM, Back",Stroke,University of Texas,SEC,12/25/1999,Texas A&M University,SEC,North America,,N/A,,,https://www.worldaquatics.com/athletes/1137414/shaine-casas,,,,,,,,,
Shane Ryan,Male,IRL,31,"Back, Free",Sprint,Penn State University,B1G,1/27/1994,,,Europe,,TOR,LAC,,https://www.worldaquatics.com/athletes/1036578/shane-ryan,,,,,,,,,
Shayna Jack,Female,AUS,26,Free,Sprint,N/A,N/A,11/6/1998,,,Austrailia,,N/A,,,https://www.worldaquatics.com/athletes/1020778/shayna-jack,,,,,,,,,
Sherridon Dressel,Female,USA,26,Back,Stroke,University of Florida,SEC,7/20/1998,,,North America,,CAC,,,,,,,,,,,,
Sierra Schmidt,Female,USA,27,Free,Distance,University of Michigan,B1G,5/6/1998,,,North America,,N/A,,,https://www.worldaquatics.com/athletes/1002361/sierra-schmidt,,,,,,,,,
Simona Quadarella,Female,ITA,26,Free,Distance,N/A,N/A,12/18/1998,,,Europe,,N/A,,,https://www.worldaquatics.com/athletes/1020846/simona-quadarella,,,,,,,,,
Simone Manuel,Female,USA,28,Free,Sprint,Stanford University,ACC,8/2/1996,,,North America,,N/A,,,https://www.worldaquatics.com/athletes/1002059/simone-manuel,,,,,,,,,
Simone Sabbioni,Male,ITA,28,Back,Stroke,N/A,N/A,10/3/1996,,,Europe,,AQC,,,https://www.worldaquatics.com/athletes/1000750/simone-sabbioni,,,,,,,,,
Siobhan Haughey,Female,HKG,27,Free,Stroke,University of Michigan,B1G,10/31/1997,,,Asia,,ENS,,,https://www.worldaquatics.com/athletes/1001344/siobhan-haughey,,,,,,,,,
Sophie Hansson,Female,SWE,26,Breast,Stroke,North Carolina State University,ACC,8/2/1998,,,Europe,,N/A,,,https://www.worldaquatics.com/athletes/1019798/sophie-hansson,,,,,,,,,
Summer McIntosh,Female,CAN,18,"IM, Free",Mid-D,N/A,N/A,8/18/2006,,,North America,,TOR,,,https://www.worldaquatics.com/athletes/1252422/summer-mcintosh,,,,,,,,,
Sun Woo Hwang,Male,KOR,22,Free,Sprint,N/A,N/A,5/21/2003,,,Asia,,N/A,,,https://www.worldaquatics.com/athletes/1140557/sunwoo-hwang,,,,,,,,,
Sun Yang,Male,CHN,33,Free,Distance,N/A,N/A,12/1/1991,,,Asia,,N/A,,,https://www.worldaquatics.com/athletes/1017653/yang-sun,,,,,,,,,
Sydney Pickrem,Female,CAN,28,"IM, Breast",Mid-D,Texas A&M University,SEC,5/21/1997,,,North America,,LON,,,https://www.worldaquatics.com/athletes/1005898/sydney-pickrem,,,,,,,,,
Szebasztian Szabo,Male,HUN,29,"Fly, Free",Sprint,N/A,N/A,3/11/1996,,,Europe,,AQC,IRO,,https://www.worldaquatics.com/athletes/1168177/szebasztian-szabo,,,,,,,,,
Tang Qianting,#REF!,,21,Breast,Stroke,N/A,N/A,3/14/2004,,,,,N/A,,,https://www.worldaquatics.com/athletes/1046710/qianting-tang,,,,,,,,,
Tatjana Smith,Female,RSA,27,Breast,Stroke,N/A,N/A,7/9/1997,,,Africa,,N/A,,,https://www.worldaquatics.com/athletes/1000622/tatjana-smith,,,,,,,,,
Taylor Ruck,Female,CAN,24,"Back, Free",Stroke,Stanford University,ACC,5/28/2000,,,North America,,N/A,,,https://www.worldaquatics.com/athletes/1020725/taylor-ruck,,,,,,,,,
Tes Schouten,Female,NED,24,Breast,Stroke,N/A,N/A,12/31/2000,,,Europe,,NYB,,,https://www.worldaquatics.com/athletes/1048449/tes-schouten,,,,,,,,,
Tessa Cieplucha,Female,CAN,26,"IM, Breast",Mid-D,University of Tennessee,SEC,9/24/1998,,,North America,,TOR,,,https://www.worldaquatics.com/athletes/1020882/tessa-cieplucha,,,,,,,,,
Thom De Boer,Male,NED,33,Free,Sprint,N/A,N/A,12/24/1991,,,Europe,,IRO,,,https://www.worldaquatics.com/athletes/1048516/thom-de-boer,,,,,,,,,
Thomas Ceccon,Male,ITA,24,"Back, Free",Sprint,N/A,N/A,1/27/2001,,,Europe,,AQC,,,https://www.worldaquatics.com/athletes/1057454/thomas-ceccon,,,,,,,,,
Thomas Heilman,Male,USA,18,"IM, Fly",Stroke,University of Virginia,ACC,2/7/2007,,,North America,,N/A,,,https://www.worldaquatics.com/athletes/1552639/thomas-heilman,,,,,,,,,
Thomas Neill,Male,AUS,22,Free,Distance,N/A,N/A,6/9/2002,,,Austrailia,,N/A,,,https://www.worldaquatics.com/athletes/1188019/thomas-neill,,,,,,,,,
Tom Dean,Male,GBR,25,"IM, Free",Mid-D,N/A,N/A,5/2/2000,,,Europe,,LON,,,https://www.worldaquatics.com/athletes/1134714/tom-dean,,,,,,,,,
Tom Shields,Male,USA,33,Fly,Stroke,"University of California, Berkeley",ACC,7/11/1991,,,North America,,LAC,,,https://www.worldaquatics.com/athletes/1001159/tom-shields,,,,,,,,,
Tommy Cope,Male,USA,27,"IM, Breast",Mid-D,University of Michigan,B1G,11/1/1997,,,North America,,DCT,,,https://www.worldaquatics.com/athletes/1516247/tommy-cope,,,,,,,,,
Tomoe Hvas,Male,NOR,24,"IM, Fly",Mid-D,N/A,N/A,6/1/2000,,,Europe,,N/A,,,https://www.worldaquatics.com/athletes/1136457/tomoe-hvas,,,,,,,,,
Tomoru Honda,Male,JPN,23,"IM, Fly",Mid-D,N/A,N/A,12/31/2001,,,Asia,,TOK,,,https://www.worldaquatics.com/athletes/1062094/tomoru-honda,,,,,,,,,
Torri Huske,Female,USA,22,"Fly, Free",Sprint,Stanford University,ACC,12/7/2002,,,North America,,N/A,,,https://www.worldaquatics.com/athletes/1190607/torri-huske,,,,,,,,,
Townley Haas,Male,USA,28,Free,Mid-D,University of Texas,SEC,12/13/1996,,,North America,,N/A,CAC,,https://www.worldaquatics.com/athletes/1005033/townley-haas,,,,,,,,,
Trenton Julian,Male,USA,26,"Fly, Free",Mid-D,"University of California, Berkeley",ACC,12/9/1998,,,North America,,N/A,,,https://www.worldaquatics.com/athletes/1189952/trenton-julian,,,,,,,,,
Trey Freeman,Male,USA,25,Free,Mid-D,University of Florida,SEC,1/1/2000,,,North America,,N/A,,,https://www.worldaquatics.com/athletes/1057320/trey-freeman,,,,,,,,,
Valentine Dumont,Female,BEL,25,Free,Distance,N/A,N/A,2/7/2000,,,Europe,,LAC,IRO,,https://www.worldaquatics.com/athletes/1098684/valentine-dumont,,,,,,,,,
Viktoria Gunes,Female,TUR,26,"IM, Breast",Mid-D,N/A,N/A,6/19/1998,,,Asia,Europe,ENS,,,https://www.worldaquatics.com/athletes/1000595/viktoria-gunes,,,,,,,,,
Vini Lanza,Male,BRA,28,"IM, Fly",Stroke,Indiana University,B1G,3/22/1997,,,South America,,LON,,,https://www.worldaquatics.com/athletes/1020809/vinicius-lanza,,,,,,,,,
Vladimir Morozov,Male,RUS,32,Free,Sprint,University of Southern California,B1G,6/16/1992,,,Asia,Europe,TOK,IRO,,https://www.worldaquatics.com/athletes/1000756/vladimir-morozov,,,,,,,,,
Wang Shun,Male,CHN,31,IM,Stroke,N/A,N/A,2/11/1994,,,Asia,,N/A,,,https://www.worldaquatics.com/athletes/1005934/shun-wang,,,,,,,,,
Will Gallant,Male,USA,23,Free,Distance,North Carolina State University,ACC,7/19/2001,,,North America,,N/A,,,,,,,,,,,,
Will Licon,Male,USA,30,"IM, Breast",Stroke,University of Texas,SEC,8/25/1994,,,North America,,LAC,,,https://www.worldaquatics.com/athletes/1055993/will-licon,,,,,,,,,
Woomin Kim,,,23,Free,Distance,N/A,N/A,8/24/2001,,,,,N/A,,,https://www.worldaquatics.com/athletes/1135699/woomin-kim,,,,,,,,,
Xu Jiayu,Male,CHN,29,Back,Stroke,N/A,N/A,8/19/1995,,,Asia,,N/A,,,https://www.worldaquatics.com/athletes/1019626/jiayu-xu,,,,,,,,,
Ye Shiwen,Female,CHN,29,"IM, Breast",Mid-D,N/A,N/A,3/1/1996,,,Asia,,N/A,,,https://www.worldaquatics.com/athletes/1019978/shiwen-ye,,,,,,,,,
Yohann Ndoye-Brouard,Male,FRA,24,Back,Stroke,N/A,N/A,11/29/2000,,,Europe,,N/A,,,https://www.worldaquatics.com/athletes/1134908/yohann-ndoye-brouard,,,,,,,,,
Youssef Ramadan,Male,EGY,22,"Fly, Free",Sprint,Virginia Tech University,ACC,7/7/2002,,,Asia,Africa,N/A,,,https://www.worldaquatics.com/athletes/1304120/youssef-ramadan,,,,,,,,,
Yu Yiting,Female,CHN,19,IM,Stroke,N/A,N/A,9/5/2005,,,Asia,,N/A,,,https://www.worldaquatics.com/athletes/1133442/yiting-yu,,,,,,,,,
Yui Ohashi,Female,JPN,29,IM,Stroke,N/A,N/A,10/18/1995,,,Asia,,TOK,,,https://www.worldaquatics.com/athletes/1006109/yui-ohashi,,,,,,,,,
Yulia Efimova,Female,RUS,33,Breast,Stroke,N/A,N/A,4/3/1992,,,Asia,Europe,N/A,,,https://www.worldaquatics.com/athletes/1010658/yuliya-efimova,,,,,,,,,
Zac Stubblety-Cook,Male,AUS,26,Breast,Stroke,N/A,N/A,1/4/1999,,,Austrailia,,TOK,,,https://www.worldaquatics.com/athletes/1057224/zac-stubblety-cook,,,,,,,,,
Zach Apple,Male,USA,28,Free,Sprint,Indiana University,B1G,4/23/1997,Auburn University,SEC,North America,,DCT,,,https://www.worldaquatics.com/athletes/1056892/zach-apple,,,,,,,,,
Zach Harting,Male,USA,27,Fly,Stroke,University of Louisville,ACC,8/27/1997,,,North America,,DCT,,,https://www.worldaquatics.com/athletes/1003263/zach-harting,,,,,,,,,
Zalan Sarkany,,,21,Free,Distance,Indiana University,B1G,10/15/2003,,,,,N/A,,,https://www.worldaquatics.com/athletes/1233023/zalan-sarkany,,,,,,,,,
Zane Grothe,Male,USA,33,Free,Distance,Auburn University,SEC,4/22/1992,,,North America,,DCT,,,https://www.worldaquatics.com/athletes/1002239/zane-grothe,,,,,,,,,
Zane Waddell,Male,RSA,27,"Back, Free",Sprint,University of Alabama,SEC,3/18/1998,,,Africa,,N/A,,,https://www.worldaquatics.com/athletes/1056281/zane-waddell,,,,,,,,,
Zhang Yufei,Female,CHN,27,Fly,Stroke,N/A,N/A,4/19/1998,,,Asia,,N/A,,,https://www.worldaquatics.com/athletes/1000490/yufei-zhang,,,,,,,,,
Zhanle Pan,Male,CHN,20,Free,Stroke,N/A,N/A,8/4/2004,,,Asia,,N/A,,,https://www.worldaquatics.com/athletes/1313859/zhanle-pan,,,,,,,,,
Zoie Hartman,Female,USA,24,"IM, Breast",Stroke,University of Georgia,SEC,12/20/2000,,,North America,,N/A,,,,,,,,,,,,
Zsuzsanna Jakabos,Female,HUN,36,"IM, Fly",Mid-D,"University of Nevada, Las Vegas",MWC,4/3/1989,,,Europe,,DCT,ENS,,https://www.worldaquatics.com/athletes/1000755/zsuzsanna-jakabos,,,,,,,,,